Название,Автор,Цена,Рейтинг
По Кремлю от башни к башне,Рупасова Маша,374,Нет рейтинга
Русские умельцы. Механических чудес изобретатели,Дубровский Андрей Владимирович,349,Нет рейтинга
Нет названия,Не указан,194 р.,Нет рейтинга
Золотое кольцо городов России,Колпакова Ольга Валерьевна,349,Нет рейтинга
Михайло Ломоносов. Первый русский ученый,Альбедиль Маргарита Федоровна,374,Нет рейтинга
Как менялся человек,Смирнова Юлия Андреевна,233,Нет рейтинга
Чудеса природы России,Смирнова Юлия Андреевна,349,Нет рейтинга
История городского транспорта,Друговейко Ксения,271,Нет рейтинга
Ремесла русского народа,Ожич Елена Михайловна,349,Нет рейтинга
Знаменитые корабли российского флота,Бояшов Илья Владимирович,432,Нет рейтинга
